Brand,Spelling
Airbourne,Airbourne
Alchemy,Alchemy
Airdrop,Airdrop
Alutech,Alutech
Atherton,Atherton
Aventon,Aventon
Banshee,Banshee
Bergamont,Bergamont
Bianchi,Bianchi
Bird,Bird Zero
Bird,Bird Aeris
Bird,Bird Aether
Bird,Bird AM
Bird,Bird TR
BMC,BMC
Boardman,Boardman
Bombtrack,Bombtrack
Breezer,Breezer
Bulls,Bulls
Coast Cycles,Coast Cycles
Carrera,Carrera
Canfield,Canfield
Cannondale,Cannondale
Cannondale,Canondale
Cannondale,habit
Cannondale,scalpel
Canyon,Canyon
Canyon,Strive
Calibre,Calibre
Castellano,Castellano
Cervelo,Cervelo
Chromag,Chromag
Chromag,Cromag
Commencal,Commencal
Commencal,Commensal
Commencal,Meta
Cotic,Cotic
Crust,Crust
Cube,Cube
Dartmoor,Dartmoor
Deviate,Deviate
Devinci,Devinci
Devinci,Divinci
Devinci,Davinci
Devinci,Da vinci
Devinci,De vinci
Diamondback,Diamondback
Diamondback,Diamond back
Diamondback,Dimondback
Ellsworth,Ellsworth
Eminent,Eminent
Evil,Evil
Evolve,Evolve Alpha
Esker,Esker
Evolve,Evolve
Fantic,Fantic
Felt,Felt
Fezzari,Fezzari
Focus,Focus
Foes,Foes
Forbidden,Forbidden
Forestal,Forestal
Fuji,Fuji
Gary Fisher,Gary Fisher
Gary Fisher,Fisher
Gary Fisher,Gary Fischer
Ghost,Ghost
Giant,Giant
Giant,Gaint
Giant,Trance
Giant,Fathom
GT,GT
Guerilla Gravity,Guerilla
Guerilla Gravity,Guerrilla
Guerilla Gravity,Guerilla Gravity
Guerilla Gravity,Guerrilla Gravity
Haibike,Haibike
Haibike,Hiabike
HEAD,HEAD
Husqvarna,Husqvarna
Huffy,Huffy
Haro,Haro
Hope,Hope HB
Ibis,Ibis
Identiti,Identiti
Iron Horse,Iron Horse
Iron Horse,ironhorse
Ibis,Ripmo
Ibis,Ripley
Intense,Intense
Jamis,Jamis
Juliana,Juliana
Juliana,Julianna
Juliana,Julia
Juliana,Julia
K2,K2
Klein,Klein
KHS,KHS
Kestrel,Kestrel
Kettler,Kettler
Kinesis,Kinesis
Knolly,Knolly
Kona,Kona
Kona,Honzo
Kona,process
KTM,KTM
Lapierre,Lapierre
Liv,Liv Intrigue
Liv,Liv Hail
Liv,Liv Pique
Liv,Liv Embolden
Litespeed,Litespeed
Lombardo,Lombardo
Lynskey,Lynskey
Magnum,Magnum
Marin,Marin
Merida,Merida
Merlin,Merlin
Mondraker,Mondraker
Mongoose,Mongoose
Motobecane,Motobecane
Moots,Moots
Niner,Niner
Niner,Jet
Nicolai,Nicolai
Norco,Norco
Norco,Fluid
Norco,Sight
Nukeproof,Nukeproof
Nukeproof,Nuke proof
Nukeproof,scout
Obed,Obed
On One,On One
On One,On-One
On One,OnOne
Orange,Orange Stage
Orange,Orange Five
Orange,Orange p7
Orange,Orange Switch
Orange,Orange 224
Orange,Orange Crush
Orange,Orange Alpine
Orange,Orange Factory
Orange,Orange Clockwork
Orange,Orange 327
Orange,Orange 279
Orange,Orange 5
Orange,Orange four
Orange,Orange blood
Orange,Orange surge
Orange,Orange patriot
Orange,Orange G4
Orange,Orange Phase
Orange,Orange Bikes
Orange,Orangecrush
Orbea,Orbea
Orbea,Oreba
Orbea,Orbra
Orbea,Oreba
Orbea,Occam
Orbea,Rise M
Orbea,Rallon
Opus,Opus
Pinarello,Pinarello
Pinnacle,Pinnacle
Pivot,Pivot
Pipe Dream,Pipedream
Pipe Dream,Pipe Dream
Pivot,Firebird
Pole,Pole
Polygon,Polygon
Polygon,Siskiu
Porsche,Porsche
Privateer,Privateer
Propain,Propain
Prime,Prime
RAAW,RAAW
Radon,Radon
Ragley,Ragley
Raleigh,Raleigh
Rambo,Rambo
Redline,Redline
REI Co-Op,coop
REI Co-Op,co-op
REI Co-Op,co op
Revel,Revel
Reeb,Reeb
Ridley,Ridley
Ritchey,Ritchey
ROCKRIDER,ROCKRIDER
Rocky Mountain,Rocky Mountain
Rocky Mountain,Rocky Mtn
Rocky Mountain,Rocky Mountai
Rocky Mountain,RockyMountain
Rocky Mountain,RockyMoutain
Rocky Mountain,Rocky Moutain
Rocky Mountain,Element
Rocky Mountain,Slayer
Rocky Mountain,Altitude
Rossignol,Rossignol
Saracen,Saracen
Salsa,Salsa
Salsa,Timberjack
Santa Cruz,Santa Cruz
Santa Cruz,Santa Crux
Santa Cruz,Sant Cruz
Santa Cruz,santacruz
Santa Cruz,tallboy
Santa Cruz,blur
Santa Cruz,megatower
Santa Cruz,nomad
Santa Cruz,heckler
Santa Cruz,hightower
Santa Cruz,hightowe
Santa Cruz,chameleon
Santa Cruz,5010
Santa Cruz,v10
Santa Cruz,Bronson
Seven Peaks,Seven Peaks
Seven Peaks,7peaks
Schwinn,Schwinn
SCOR,SCOR
Scott,Scott
Scott,Scot
Scott,Spark
Scott,Gambler
Sherpa,Sherpa
Silverback,Silverback
Specialized,Specialized
Specialized,Specialied
Specialized,Specialize
Specialized,Stumpjumper
Specialized,Stuntjumper
Specialized,Stump jumper
Specialized,stumpy
Specialized,Kenevo
Specialized,Levo
Specialized,S-Works
Specialized,S Works
Specialized,sworks
Specialized,swork
Specialized,Specalized
Specialized,Epic Evo
Specialized,Epic
Specialized,status
Sombrio,Sombrio
Starling,Starling
Stanton,Stanton
Sonder,Sonder
Stif,Stif
Surly,Surly
Titus,Titus
Thok,Thok
Trailcraft,Trailcraft
Transition,Transition
Transition,Transitioon
Transition,Sentinel
Transition,Transtion
Transition,Tr11
Trek,Trek
Trek,Treck
Trek,Session
Trek,Supercaliber
Trek,ProCaliber
Trek,caliber
Trek,Marlin
Trek,Moustache
Trek,Stache
Trek,Fuel
Trek,Slash
Trek,Remedy
Trek,Verve
Trek,Rail 9
Trek,Rail 8
Trek,Rail 7
Turner,Turner
Tomac,Tomac
Vitus,Vitus
Vitus,Virus
Voodoo,Voodoo
Ventana,Ventana
Vassago,Vassago
Whyte,Whyte
Wilier,Wilier
We Are One,We Are One Arrival
We Are One,WeAreOne Arrival
We Are One,Arrival We Are One
We Are One,Arrival WeAreOne
Yamaha,Yamaha
Yeti,Yeti
Yeti,sb115
Yeti,SB100
Yeti,SB120
Yeti,SB130LR
Yeti,SB130
Yeti,SB140
Yeti,SB150
Yeti,SB 150
Yeti,SB160
Yeti,SB165
YT,YT
YT,JEFFSY
YT,Tues
YT,Capra
NS Bikes,NS bikes
NS Bikes,NS Eccentric
NS Bikes,NS Snabb
NS Bikes,NS Stay True
NS Bikes,NS Fuzz
NS Bikes,NS Surge
NS Bikes,NS Define
NS Bikes,NS efin
Spot,Spot
Rocky Mountain,Rocky
